{
  "version": "1",
  "cognitoConfig": {
    "identityPoolName": "flyersIdentityPool",
    "allowUnauthenticatedIdentities": true,
    "resourceNameTruncated": "flyers5c47ef4f",
    "userPoolName": "flyersAuth_userpool_5c47ef4f",
    "autoVerifiedAttributes": [],
    "mfaConfiguration": "OFF",
    "mfaTypes": [
      "SMS Text Message"
    ],
    "smsAuthenticationMessage": "Your authentication code is {####}",
    "smsVerificationMessage": "Your verification code is {####}",
    "emailVerificationSubject": "Your verification code",
    "emailVerificationMessage": "Your verification code is {####}",
    "defaultPasswordPolicy": false,
    "passwordPolicyMinLength": 8,
    "passwordPolicyCharacters": [
      "Requires Numbers",
      "Requires Lowercase",
      "Requires Uppercase"
    ],
    "requiredAttributes": [
      "email"
    ],
    "aliasAttributes": [],
    "userpoolClientGenerateSecret": false,
    "userpoolClientRefreshTokenValidity": 30,
    "userpoolClientWriteAttributes": [],
    "userpoolClientReadAttributes": [],
    "userpoolClientLambdaRole": "flyers5c47ef4f_userpoolclient_lambda_role",
    "userpoolClientSetAttributes": false,
    "sharedId": "5c47ef4f",
    "resourceName": "flyersAuth",
    "authSelections": "identityPoolAndUserPool",
    "serviceName": "Cognito",
    "useDefault": "manual",
    "userPoolGroups": false,
    "userPoolGroupList": [],
    "adminQueries": false,
    "thirdPartyAuth": false,
    "authProviders": [],
    "usernameCaseSensitive": false,
    "useEnabledMfas": true
  }
}